"url","AEO direct answer included","Question-based headings included","FAQ block included","FAQ schema included","Emergency steps included","Cost answer included where relevant","Local answer included","Internal links included","CTA included","AEO quality score"
"/","yes","yes","yes","yes","yes","not applicable","yes","yes","yes","9"
"/faq","yes","yes","yes","yes","yes","not applicable","yes","yes","yes","9"
"/contact","yes","yes","yes","yes","yes","not applicable","yes","yes","yes","9"
"/partner-with-us","yes","yes","yes","yes","yes","not applicable","yes","yes","yes","9"
"/privacy","yes","yes","not applicable","not applicable","yes","not applicable","yes","yes","yes","8"
"/terms","yes","yes","not applicable","not applicable","yes","not applicable","yes","yes","yes","8"
"/disclosure","yes","yes","not applicable","not applicable","yes","not applicable","yes","yes","yes","9"
"/services/24-hour-emergency-plumber","yes","yes","yes","yes","yes","yes","yes","yes","yes","9"
"/services/emergency-drain-cleaning","yes","yes","yes","yes","yes","yes","yes","yes","yes","9"
"/services/main-sewer-line-clog","yes","yes","yes","yes","yes","yes","yes","yes","yes","9"
"/services/toilet-overflow-emergency","yes","yes","yes","yes","yes","yes","yes","yes","yes","9"
"/services/burst-pipe-emergency","yes","yes","yes","yes","yes","yes","yes","yes","yes","9"
"/services/water-heater-emergency","yes","yes","yes","yes","yes","yes","yes","yes","yes","9"
"/services/sewer-backup-help","yes","yes","yes","yes","yes","yes","yes","yes","yes","9"
"/services/commercial-emergency-plumbing","yes","yes","yes","yes","yes","yes","yes","yes","yes","9"
"/services/same-day-plumber-connection","yes","yes","yes","yes","yes","yes","yes","yes","yes","9"
"/services/sink-and-shower-drain-backup","yes","yes","yes","yes","yes","yes","yes","yes","yes","9"
"/cities/dallas","yes","yes","yes","yes","yes","yes","yes","yes","yes","9"
"/cities/fort-worth","yes","yes","yes","yes","yes","yes","yes","yes","yes","9"
"/cities/arlington","yes","yes","yes","yes","yes","yes","yes","yes","yes","9"
"/cities/plano","yes","yes","yes","yes","yes","yes","yes","yes","yes","9"
"/cities/irving","yes","yes","yes","yes","yes","yes","yes","yes","yes","9"
"/cities/garland","yes","yes","yes","yes","yes","yes","yes","yes","yes","9"
"/cities/frisco","yes","yes","yes","yes","yes","yes","yes","yes","yes","9"
"/cities/mckinney","yes","yes","yes","yes","yes","yes","yes","yes","yes","9"
"/cities/carrollton","yes","yes","yes","yes","yes","yes","yes","yes","yes","9"
"/cities/denton","yes","yes","yes","yes","yes","yes","yes","yes","yes","9"
"/cities/richardson","yes","yes","yes","yes","yes","yes","yes","yes","yes","9"
"/cities/mesquite","yes","yes","yes","yes","yes","yes","yes","yes","yes","9"
"/cities/grand-prairie","yes","yes","yes","yes","yes","yes","yes","yes","yes","9"
"/cities/lewisville","yes","yes","yes","yes","yes","yes","yes","yes","yes","9"
"/cities/allen","yes","yes","yes","yes","yes","yes","yes","yes","yes","9"
"/cities/grapevine","yes","yes","yes","yes","yes","yes","yes","yes","yes","9"
"/cities/dallas/24-hour-emergency-plumber","yes","yes","yes","yes","yes","yes","yes","yes","yes","9"
"/cities/dallas/emergency-drain-cleaning","yes","yes","yes","yes","yes","yes","yes","yes","yes","9"
"/cities/dallas/main-sewer-line-clog","yes","yes","yes","yes","yes","yes","yes","yes","yes","9"
"/cities/dallas/toilet-overflow-emergency","yes","yes","yes","yes","yes","yes","yes","yes","yes","9"
"/cities/dallas/burst-pipe-emergency","yes","yes","yes","yes","yes","yes","yes","yes","yes","9"
"/cities/dallas/water-heater-emergency","yes","yes","yes","yes","yes","yes","yes","yes","yes","9"
"/cities/dallas/sewer-backup-help","yes","yes","yes","yes","yes","yes","yes","yes","yes","9"
"/cities/dallas/commercial-emergency-plumbing","yes","yes","yes","yes","yes","yes","yes","yes","yes","9"
"/cities/dallas/same-day-plumber-connection","yes","yes","yes","yes","yes","yes","yes","yes","yes","9"
"/cities/dallas/sink-and-shower-drain-backup","yes","yes","yes","yes","yes","yes","yes","yes","yes","9"
"/cities/fort-worth/24-hour-emergency-plumber","yes","yes","yes","yes","yes","yes","yes","yes","yes","9"
"/cities/fort-worth/emergency-drain-cleaning","yes","yes","yes","yes","yes","yes","yes","yes","yes","9"
"/cities/fort-worth/main-sewer-line-clog","yes","yes","yes","yes","yes","yes","yes","yes","yes","9"
"/cities/fort-worth/toilet-overflow-emergency","yes","yes","yes","yes","yes","yes","yes","yes","yes","9"
"/cities/fort-worth/burst-pipe-emergency","yes","yes","yes","yes","yes","yes","yes","yes","yes","9"
"/cities/fort-worth/water-heater-emergency","yes","yes","yes","yes","yes","yes","yes","yes","yes","9"
"/cities/fort-worth/sewer-backup-help","yes","yes","yes","yes","yes","yes","yes","yes","yes","9"
"/cities/fort-worth/commercial-emergency-plumbing","yes","yes","yes","yes","yes","yes","yes","yes","yes","9"
"/cities/fort-worth/same-day-plumber-connection","yes","yes","yes","yes","yes","yes","yes","yes","yes","9"
"/cities/fort-worth/sink-and-shower-drain-backup","yes","yes","yes","yes","yes","yes","yes","yes","yes","9"
"/cities/arlington/24-hour-emergency-plumber","yes","yes","yes","yes","yes","yes","yes","yes","yes","9"
"/cities/arlington/emergency-drain-cleaning","yes","yes","yes","yes","yes","yes","yes","yes","yes","9"
"/cities/arlington/main-sewer-line-clog","yes","yes","yes","yes","yes","yes","yes","yes","yes","9"
"/cities/arlington/toilet-overflow-emergency","yes","yes","yes","yes","yes","yes","yes","yes","yes","9"
"/cities/arlington/burst-pipe-emergency","yes","yes","yes","yes","yes","yes","yes","yes","yes","9"
"/cities/arlington/water-heater-emergency","yes","yes","yes","yes","yes","yes","yes","yes","yes","9"
"/cities/arlington/sewer-backup-help","yes","yes","yes","yes","yes","yes","yes","yes","yes","9"
"/cities/arlington/commercial-emergency-plumbing","yes","yes","yes","yes","yes","yes","yes","yes","yes","9"
"/cities/arlington/same-day-plumber-connection","yes","yes","yes","yes","yes","yes","yes","yes","yes","9"
"/cities/arlington/sink-and-shower-drain-backup","yes","yes","yes","yes","yes","yes","yes","yes","yes","9"
"/cities/plano/24-hour-emergency-plumber","yes","yes","yes","yes","yes","yes","yes","yes","yes","9"
"/cities/plano/emergency-drain-cleaning","yes","yes","yes","yes","yes","yes","yes","yes","yes","9"
"/cities/plano/main-sewer-line-clog","yes","yes","yes","yes","yes","yes","yes","yes","yes","9"
"/cities/plano/toilet-overflow-emergency","yes","yes","yes","yes","yes","yes","yes","yes","yes","9"
"/cities/plano/burst-pipe-emergency","yes","yes","yes","yes","yes","yes","yes","yes","yes","9"
"/cities/plano/water-heater-emergency","yes","yes","yes","yes","yes","yes","yes","yes","yes","9"
"/cities/plano/sewer-backup-help","yes","yes","yes","yes","yes","yes","yes","yes","yes","9"
"/cities/plano/commercial-emergency-plumbing","yes","yes","yes","yes","yes","yes","yes","yes","yes","9"
"/cities/plano/same-day-plumber-connection","yes","yes","yes","yes","yes","yes","yes","yes","yes","9"
"/cities/plano/sink-and-shower-drain-backup","yes","yes","yes","yes","yes","yes","yes","yes","yes","9"
"/cities/irving/24-hour-emergency-plumber","yes","yes","yes","yes","yes","yes","yes","yes","yes","9"
"/cities/irving/emergency-drain-cleaning","yes","yes","yes","yes","yes","yes","yes","yes","yes","9"
"/cities/irving/main-sewer-line-clog","yes","yes","yes","yes","yes","yes","yes","yes","yes","9"
"/cities/irving/toilet-overflow-emergency","yes","yes","yes","yes","yes","yes","yes","yes","yes","9"
"/cities/irving/burst-pipe-emergency","yes","yes","yes","yes","yes","yes","yes","yes","yes","9"
"/cities/irving/water-heater-emergency","yes","yes","yes","yes","yes","yes","yes","yes","yes","9"
"/cities/irving/sewer-backup-help","yes","yes","yes","yes","yes","yes","yes","yes","yes","9"
"/cities/irving/commercial-emergency-plumbing","yes","yes","yes","yes","yes","yes","yes","yes","yes","9"
"/cities/irving/same-day-plumber-connection","yes","yes","yes","yes","yes","yes","yes","yes","yes","9"
"/cities/irving/sink-and-shower-drain-backup","yes","yes","yes","yes","yes","yes","yes","yes","yes","9"
"/cities/garland/24-hour-emergency-plumber","yes","yes","yes","yes","yes","yes","yes","yes","yes","9"
"/cities/garland/emergency-drain-cleaning","yes","yes","yes","yes","yes","yes","yes","yes","yes","9"
"/cities/garland/main-sewer-line-clog","yes","yes","yes","yes","yes","yes","yes","yes","yes","9"
"/cities/garland/toilet-overflow-emergency","yes","yes","yes","yes","yes","yes","yes","yes","yes","9"
"/cities/garland/burst-pipe-emergency","yes","yes","yes","yes","yes","yes","yes","yes","yes","9"
"/cities/garland/water-heater-emergency","yes","yes","yes","yes","yes","yes","yes","yes","yes","9"
"/cities/garland/sewer-backup-help","yes","yes","yes","yes","yes","yes","yes","yes","yes","9"
"/cities/garland/commercial-emergency-plumbing","yes","yes","yes","yes","yes","yes","yes","yes","yes","9"
"/cities/garland/same-day-plumber-connection","yes","yes","yes","yes","yes","yes","yes","yes","yes","9"
"/cities/garland/sink-and-shower-drain-backup","yes","yes","yes","yes","yes","yes","yes","yes","yes","9"
"/cities/frisco/24-hour-emergency-plumber","yes","yes","yes","yes","yes","yes","yes","yes","yes","9"
"/cities/frisco/emergency-drain-cleaning","yes","yes","yes","yes","yes","yes","yes","yes","yes","9"
"/cities/frisco/main-sewer-line-clog","yes","yes","yes","yes","yes","yes","yes","yes","yes","9"
"/cities/frisco/toilet-overflow-emergency","yes","yes","yes","yes","yes","yes","yes","yes","yes","9"
"/cities/frisco/burst-pipe-emergency","yes","yes","yes","yes","yes","yes","yes","yes","yes","9"
"/cities/frisco/water-heater-emergency","yes","yes","yes","yes","yes","yes","yes","yes","yes","9"
"/cities/frisco/sewer-backup-help","yes","yes","yes","yes","yes","yes","yes","yes","yes","9"
"/cities/frisco/commercial-emergency-plumbing","yes","yes","yes","yes","yes","yes","yes","yes","yes","9"
"/cities/frisco/same-day-plumber-connection","yes","yes","yes","yes","yes","yes","yes","yes","yes","9"
"/cities/frisco/sink-and-shower-drain-backup","yes","yes","yes","yes","yes","yes","yes","yes","yes","9"
"/cities/mckinney/24-hour-emergency-plumber","yes","yes","yes","yes","yes","yes","yes","yes","yes","9"
"/cities/mckinney/emergency-drain-cleaning","yes","yes","yes","yes","yes","yes","yes","yes","yes","9"
"/cities/mckinney/main-sewer-line-clog","yes","yes","yes","yes","yes","yes","yes","yes","yes","9"
"/cities/mckinney/toilet-overflow-emergency","yes","yes","yes","yes","yes","yes","yes","yes","yes","9"
"/cities/mckinney/burst-pipe-emergency","yes","yes","yes","yes","yes","yes","yes","yes","yes","9"
"/cities/mckinney/water-heater-emergency","yes","yes","yes","yes","yes","yes","yes","yes","yes","9"
"/cities/mckinney/sewer-backup-help","yes","yes","yes","yes","yes","yes","yes","yes","yes","9"
"/cities/mckinney/commercial-emergency-plumbing","yes","yes","yes","yes","yes","yes","yes","yes","yes","9"
"/cities/mckinney/same-day-plumber-connection","yes","yes","yes","yes","yes","yes","yes","yes","yes","9"
"/cities/mckinney/sink-and-shower-drain-backup","yes","yes","yes","yes","yes","yes","yes","yes","yes","9"
"/cities/carrollton/24-hour-emergency-plumber","yes","yes","yes","yes","yes","yes","yes","yes","yes","9"
"/cities/carrollton/emergency-drain-cleaning","yes","yes","yes","yes","yes","yes","yes","yes","yes","9"
"/cities/carrollton/main-sewer-line-clog","yes","yes","yes","yes","yes","yes","yes","yes","yes","9"
"/cities/carrollton/toilet-overflow-emergency","yes","yes","yes","yes","yes","yes","yes","yes","yes","9"
"/cities/carrollton/burst-pipe-emergency","yes","yes","yes","yes","yes","yes","yes","yes","yes","9"
"/cities/carrollton/water-heater-emergency","yes","yes","yes","yes","yes","yes","yes","yes","yes","9"
"/cities/carrollton/sewer-backup-help","yes","yes","yes","yes","yes","yes","yes","yes","yes","9"
"/cities/carrollton/commercial-emergency-plumbing","yes","yes","yes","yes","yes","yes","yes","yes","yes","9"
"/cities/carrollton/same-day-plumber-connection","yes","yes","yes","yes","yes","yes","yes","yes","yes","9"
"/cities/carrollton/sink-and-shower-drain-backup","yes","yes","yes","yes","yes","yes","yes","yes","yes","9"
"/cities/denton/24-hour-emergency-plumber","yes","yes","yes","yes","yes","yes","yes","yes","yes","9"
"/cities/denton/emergency-drain-cleaning","yes","yes","yes","yes","yes","yes","yes","yes","yes","9"
"/cities/denton/main-sewer-line-clog","yes","yes","yes","yes","yes","yes","yes","yes","yes","9"
"/cities/denton/toilet-overflow-emergency","yes","yes","yes","yes","yes","yes","yes","yes","yes","9"
"/cities/denton/burst-pipe-emergency","yes","yes","yes","yes","yes","yes","yes","yes","yes","9"
"/cities/denton/water-heater-emergency","yes","yes","yes","yes","yes","yes","yes","yes","yes","9"
"/cities/denton/sewer-backup-help","yes","yes","yes","yes","yes","yes","yes","yes","yes","9"
"/cities/denton/commercial-emergency-plumbing","yes","yes","yes","yes","yes","yes","yes","yes","yes","9"
"/cities/denton/same-day-plumber-connection","yes","yes","yes","yes","yes","yes","yes","yes","yes","9"
"/cities/denton/sink-and-shower-drain-backup","yes","yes","yes","yes","yes","yes","yes","yes","yes","9"
"/cities/richardson/24-hour-emergency-plumber","yes","yes","yes","yes","yes","yes","yes","yes","yes","9"
"/cities/richardson/emergency-drain-cleaning","yes","yes","yes","yes","yes","yes","yes","yes","yes","9"
"/cities/richardson/main-sewer-line-clog","yes","yes","yes","yes","yes","yes","yes","yes","yes","9"
"/cities/richardson/toilet-overflow-emergency","yes","yes","yes","yes","yes","yes","yes","yes","yes","9"
"/cities/richardson/burst-pipe-emergency","yes","yes","yes","yes","yes","yes","yes","yes","yes","9"
"/cities/richardson/water-heater-emergency","yes","yes","yes","yes","yes","yes","yes","yes","yes","9"
"/cities/richardson/sewer-backup-help","yes","yes","yes","yes","yes","yes","yes","yes","yes","9"
"/cities/richardson/commercial-emergency-plumbing","yes","yes","yes","yes","yes","yes","yes","yes","yes","9"
"/cities/richardson/same-day-plumber-connection","yes","yes","yes","yes","yes","yes","yes","yes","yes","9"
"/cities/richardson/sink-and-shower-drain-backup","yes","yes","yes","yes","yes","yes","yes","yes","yes","9"
"/cities/mesquite/24-hour-emergency-plumber","yes","yes","yes","yes","yes","yes","yes","yes","yes","9"
"/cities/mesquite/emergency-drain-cleaning","yes","yes","yes","yes","yes","yes","yes","yes","yes","9"
"/cities/mesquite/main-sewer-line-clog","yes","yes","yes","yes","yes","yes","yes","yes","yes","9"
"/cities/mesquite/toilet-overflow-emergency","yes","yes","yes","yes","yes","yes","yes","yes","yes","9"
"/cities/mesquite/burst-pipe-emergency","yes","yes","yes","yes","yes","yes","yes","yes","yes","9"
"/cities/mesquite/water-heater-emergency","yes","yes","yes","yes","yes","yes","yes","yes","yes","9"
"/cities/mesquite/sewer-backup-help","yes","yes","yes","yes","yes","yes","yes","yes","yes","9"
"/cities/mesquite/commercial-emergency-plumbing","yes","yes","yes","yes","yes","yes","yes","yes","yes","9"
"/cities/mesquite/same-day-plumber-connection","yes","yes","yes","yes","yes","yes","yes","yes","yes","9"
"/cities/mesquite/sink-and-shower-drain-backup","yes","yes","yes","yes","yes","yes","yes","yes","yes","9"
"/cities/grand-prairie/24-hour-emergency-plumber","yes","yes","yes","yes","yes","yes","yes","yes","yes","9"
"/cities/grand-prairie/emergency-drain-cleaning","yes","yes","yes","yes","yes","yes","yes","yes","yes","9"
"/cities/grand-prairie/main-sewer-line-clog","yes","yes","yes","yes","yes","yes","yes","yes","yes","9"
"/cities/grand-prairie/toilet-overflow-emergency","yes","yes","yes","yes","yes","yes","yes","yes","yes","9"
"/cities/grand-prairie/burst-pipe-emergency","yes","yes","yes","yes","yes","yes","yes","yes","yes","9"
"/cities/grand-prairie/water-heater-emergency","yes","yes","yes","yes","yes","yes","yes","yes","yes","9"
"/cities/grand-prairie/sewer-backup-help","yes","yes","yes","yes","yes","yes","yes","yes","yes","9"
"/cities/grand-prairie/commercial-emergency-plumbing","yes","yes","yes","yes","yes","yes","yes","yes","yes","9"
"/cities/grand-prairie/same-day-plumber-connection","yes","yes","yes","yes","yes","yes","yes","yes","yes","9"
"/cities/grand-prairie/sink-and-shower-drain-backup","yes","yes","yes","yes","yes","yes","yes","yes","yes","9"
"/cities/lewisville/24-hour-emergency-plumber","yes","yes","yes","yes","yes","yes","yes","yes","yes","9"
"/cities/lewisville/emergency-drain-cleaning","yes","yes","yes","yes","yes","yes","yes","yes","yes","9"
"/cities/lewisville/main-sewer-line-clog","yes","yes","yes","yes","yes","yes","yes","yes","yes","9"
"/cities/lewisville/toilet-overflow-emergency","yes","yes","yes","yes","yes","yes","yes","yes","yes","9"
"/cities/lewisville/burst-pipe-emergency","yes","yes","yes","yes","yes","yes","yes","yes","yes","9"
"/cities/lewisville/water-heater-emergency","yes","yes","yes","yes","yes","yes","yes","yes","yes","9"
"/cities/lewisville/sewer-backup-help","yes","yes","yes","yes","yes","yes","yes","yes","yes","9"
"/cities/lewisville/commercial-emergency-plumbing","yes","yes","yes","yes","yes","yes","yes","yes","yes","9"
"/cities/lewisville/same-day-plumber-connection","yes","yes","yes","yes","yes","yes","yes","yes","yes","9"
"/cities/lewisville/sink-and-shower-drain-backup","yes","yes","yes","yes","yes","yes","yes","yes","yes","9"
"/cities/allen/24-hour-emergency-plumber","yes","yes","yes","yes","yes","yes","yes","yes","yes","9"
"/cities/allen/emergency-drain-cleaning","yes","yes","yes","yes","yes","yes","yes","yes","yes","9"
"/cities/allen/main-sewer-line-clog","yes","yes","yes","yes","yes","yes","yes","yes","yes","9"
"/cities/allen/toilet-overflow-emergency","yes","yes","yes","yes","yes","yes","yes","yes","yes","9"
"/cities/allen/burst-pipe-emergency","yes","yes","yes","yes","yes","yes","yes","yes","yes","9"
"/cities/allen/water-heater-emergency","yes","yes","yes","yes","yes","yes","yes","yes","yes","9"
"/cities/allen/sewer-backup-help","yes","yes","yes","yes","yes","yes","yes","yes","yes","9"
"/cities/allen/commercial-emergency-plumbing","yes","yes","yes","yes","yes","yes","yes","yes","yes","9"
"/cities/allen/same-day-plumber-connection","yes","yes","yes","yes","yes","yes","yes","yes","yes","9"
"/cities/allen/sink-and-shower-drain-backup","yes","yes","yes","yes","yes","yes","yes","yes","yes","9"
"/cities/grapevine/24-hour-emergency-plumber","yes","yes","yes","yes","yes","yes","yes","yes","yes","9"
"/cities/grapevine/emergency-drain-cleaning","yes","yes","yes","yes","yes","yes","yes","yes","yes","9"
"/cities/grapevine/main-sewer-line-clog","yes","yes","yes","yes","yes","yes","yes","yes","yes","9"
"/cities/grapevine/toilet-overflow-emergency","yes","yes","yes","yes","yes","yes","yes","yes","yes","9"
"/cities/grapevine/burst-pipe-emergency","yes","yes","yes","yes","yes","yes","yes","yes","yes","9"
"/cities/grapevine/water-heater-emergency","yes","yes","yes","yes","yes","yes","yes","yes","yes","9"
"/cities/grapevine/sewer-backup-help","yes","yes","yes","yes","yes","yes","yes","yes","yes","9"
"/cities/grapevine/commercial-emergency-plumbing","yes","yes","yes","yes","yes","yes","yes","yes","yes","9"
"/cities/grapevine/same-day-plumber-connection","yes","yes","yes","yes","yes","yes","yes","yes","yes","9"
"/cities/grapevine/sink-and-shower-drain-backup","yes","yes","yes","yes","yes","yes","yes","yes","yes","9"
"/problems/toilet-and-tub-backing-up","yes","yes","yes","yes","yes","not applicable","yes","yes","yes","9"
"/problems/sewage-smell-in-bathroom","yes","yes","yes","yes","yes","not applicable","yes","yes","yes","9"
"/problems/water-coming-through-ceiling","yes","yes","yes","yes","yes","not applicable","yes","yes","yes","9"
"/problems/kitchen-sink-backing-up","yes","yes","yes","yes","yes","not applicable","yes","yes","yes","9"
"/problems/water-heater-leaking","yes","yes","yes","yes","yes","not applicable","yes","yes","yes","9"
"/problems/main-drain-slow","yes","yes","yes","yes","yes","not applicable","yes","yes","yes","9"
"/problems/business-restroom-closed","yes","yes","yes","yes","yes","not applicable","yes","yes","yes","9"
"/problems/shower-filling-with-dirty-water","yes","yes","yes","yes","yes","not applicable","yes","yes","yes","9"
"/cost-guides/emergency-plumbing-cost-dallas","yes","yes","yes","yes","not applicable","yes","yes","yes","yes","9"
"/cost-guides/emergency-drain-cleaning-cost-dallas","yes","yes","yes","yes","not applicable","yes","yes","yes","yes","9"
"/cost-guides/sewer-backup-cost-dallas","yes","yes","yes","yes","not applicable","yes","yes","yes","yes","9"
"/cost-guides/burst-pipe-repair-cost-dallas","yes","yes","yes","yes","not applicable","yes","yes","yes","yes","9"
"/cost-guides/water-heater-emergency-cost-dallas","yes","yes","yes","yes","not applicable","yes","yes","yes","yes","9"
"/blog/emergency-plumber-near-me-open-now-what-to-do-before-help-arrives","yes","yes","yes","yes","yes","not applicable","yes","yes","yes","9"
"/blog/toilet-overflowing-at-night-in-dallas-fast-steps-for-homeowners","yes","yes","yes","yes","yes","not applicable","yes","yes","yes","9"
"/blog/main-sewer-line-clogged-in-dallas-warning-signs-and-fast-options","yes","yes","yes","yes","yes","not applicable","yes","yes","yes","9"
"/blog/emergency-drain-cleaning-cost-in-dallas-what-affects-the-price","yes","yes","yes","yes","yes","not applicable","yes","yes","yes","9"
"/blog/roto-rooter-vs-local-emergency-plumber-in-dallas-which-should-you-call","yes","yes","yes","yes","yes","not applicable","yes","yes","yes","9"
"/blog/sewer-backup-in-fort-worth-what-it-means-and-who-to-call","yes","yes","yes","yes","yes","not applicable","yes","yes","yes","9"
"/blog/bathtub-backing-up-when-toilet-flushes-what-causes-it","yes","yes","yes","yes","yes","not applicable","yes","yes","yes","9"
"/blog/kitchen-sink-backing-up-in-dallas-signs-you-need-drain-help","yes","yes","yes","yes","yes","not applicable","yes","yes","yes","9"
"/blog/same-day-drain-cleaning-in-dallas-what-to-expect","yes","yes","yes","yes","yes","not applicable","yes","yes","yes","9"
"/blog/24-hour-plumber-in-plano-when-the-problem-cannot-wait","yes","yes","yes","yes","yes","not applicable","yes","yes","yes","9"
"/blog/emergency-plumbing-in-arlington-tx-common-night-and-weekend-problems","yes","yes","yes","yes","yes","not applicable","yes","yes","yes","9"
"/blog/water-heater-leaking-in-dallas-emergency-signs-to-watch","yes","yes","yes","yes","yes","not applicable","yes","yes","yes","9"
"/blog/burst-pipe-in-dallas-what-to-shut-off-first","yes","yes","yes","yes","yes","not applicable","yes","yes","yes","9"
"/blog/drain-smell-in-bathroom-sewer-gas-or-simple-clog","yes","yes","yes","yes","yes","not applicable","yes","yes","yes","9"
"/blog/how-to-know-if-a-clogged-drain-is-actually-a-sewer-line-problem","yes","yes","yes","yes","yes","not applicable","yes","yes","yes","9"
"/blog/emergency-plumber-vs-regular-plumber-what-is-the-difference","yes","yes","yes","yes","yes","not applicable","yes","yes","yes","9"
"/blog/how-long-should-emergency-drain-cleaning-take","yes","yes","yes","yes","yes","not applicable","yes","yes","yes","9"
"/blog/commercial-drain-backup-what-business-owners-should-do-first","yes","yes","yes","yes","yes","not applicable","yes","yes","yes","9"
"/blog/dallas-hard-water-and-drain-problems-what-homeowners-should-know","yes","yes","yes","yes","yes","not applicable","yes","yes","yes","9"
"/blog/dallas-storms-and-sewer-backups-what-to-check-after-heavy-rain","yes","yes","yes","yes","yes","not applicable","yes","yes","yes","9"
"/blog/emergency-plumbing-cost-guide-for-dallas-homeowners","yes","yes","yes","yes","yes","not applicable","yes","yes","yes","9"
"/blog/drain-cleaning-cost-guide-for-dallas-homeowners","yes","yes","yes","yes","yes","not applicable","yes","yes","yes","9"
"/blog/best-questions-to-ask-before-you-book-an-emergency-plumber","yes","yes","yes","yes","yes","not applicable","yes","yes","yes","9"
"/blog/what-counts-as-a-plumbing-emergency","yes","yes","yes","yes","yes","not applicable","yes","yes","yes","9"
"/blog/signs-your-main-drain-needs-same-day-service","yes","yes","yes","yes","yes","not applicable","yes","yes","yes","9"
"/blog/toilet-shower-and-sink-backing-up-together-what-it-means","yes","yes","yes","yes","yes","not applicable","yes","yes","yes","9"
"/blog/emergency-drain-cleaning-in-fort-worth-fast-homeowner-guide","yes","yes","yes","yes","yes","not applicable","yes","yes","yes","9"
"/blog/emergency-plumber-in-plano-when-to-call-now","yes","yes","yes","yes","yes","not applicable","yes","yes","yes","9"
"/blog/emergency-drain-cleaning-in-frisco-what-to-expect","yes","yes","yes","yes","yes","not applicable","yes","yes","yes","9"
"/blog/emergency-sewer-help-in-garland-signs-and-next-steps","yes","yes","yes","yes","yes","not applicable","yes","yes","yes","9"
