"gate","name","status","evidence"
"2.1","Routes and architecture","VERIFIED","source=118; sitemap=118; missing=0; extra=0"
"2.2","On-page SEO","VERIFIED","crawled=118; failed=0; metadata/schema issues=0"
"2.3","Content uniqueness/public quality","VERIFIED","source old-copy hits=0; live old-copy hits=0; duplicate metadata clusters=0"
"2.4","Internal linking","VERIFIED","internal link failures=0; orphan priority paths=0; redirected internal targets=0"
"2.5","Technical SEO","VERIFIED","robots=200; sitemap=200; sitemap hosts=plumbinghands.com"
"2.6","Customer and partner delivery","VERIFIED","separate customer/partner endpoints returned 200; owner confirmed both synthetic receipts; redacted evidence=reports/form_delivery_evidence_20260715-034952; source phone placeholders=0; live phone placeholders/tel links=0; phone placeholder clean=true"
"2.7","Accessibility/mobile/public quality","VERIFIED","Playwright/axe desktop/mobile pages=10; serious/critical findings=0; screenshots=10; evidence=reports/contrast_repair_evidence_20260715-023317"
"2.8","Build/test/deployment","VERIFIED","commands pass=true; production health=true; Vercel/Git ready=true; GitHub deployment success=true; deployment=dpl_EbTBEbMMhQx1R3pupimicQ7BtBg8; github deployment=5448358219; sha=bbcd982209bad3c19980bf37a1b520007c177e90"
"3.1","Analytics/conversion measurement","BLOCKED","rendered analytics active=false; Vercel env access=available"
"3.2","Search Console/Bing/indexing baseline","BLOCKED","authenticated GSC/Bing/IndexNow account access not available in this session; blocked=true"
"3.3","Prioritized backlog","PREPARED_NOT_ACTIVE","backlog generated from verified blockers and crawl evidence, but Phase 3 cannot activate until measurement/indexing are verified"
"3.4","Monitoring cadence","PREPARED_NOT_ACTIVE","monitoring cadence documented; account-dependent monitors remain blocked"
