"type","url","content_status","faq_count","internal_links","notes"
"home","/","created","5-8","yes","Original template-driven content with AEO sections"
"faq","/faq","created","5-8","yes","Original template-driven content with AEO sections"
"contact","/contact","created","5-8","yes","Original template-driven content with AEO sections"
"partner","/partner-with-us","created","5-8","yes","Original template-driven content with AEO sections"
"legal","/privacy","created","0","yes","Original template-driven content with AEO sections"
"legal","/terms","created","0","yes","Original template-driven content with AEO sections"
"legal","/disclosure","created","0","yes","Original template-driven content with AEO sections"
"service","/services/24-hour-emergency-plumber","created","5-8","yes","Original template-driven content with AEO sections"
"service","/services/emergency-drain-cleaning","created","5-8","yes","Original template-driven content with AEO sections"
"service","/services/main-sewer-line-clog","created","5-8","yes","Original template-driven content with AEO sections"
"service","/services/toilet-overflow-emergency","created","5-8","yes","Original template-driven content with AEO sections"
"service","/services/burst-pipe-emergency","created","5-8","yes","Original template-driven content with AEO sections"
"service","/services/water-heater-emergency","created","5-8","yes","Original template-driven content with AEO sections"
"service","/services/sewer-backup-help","created","5-8","yes","Original template-driven content with AEO sections"
"service","/services/commercial-emergency-plumbing","created","5-8","yes","Original template-driven content with AEO sections"
"service","/services/same-day-plumber-connection","created","5-8","yes","Original template-driven content with AEO sections"
"service","/services/sink-and-shower-drain-backup","created","5-8","yes","Original template-driven content with AEO sections"
"city","/cities/dallas","created","5-8","yes","Original template-driven content with AEO sections"
"city","/cities/fort-worth","created","5-8","yes","Original template-driven content with AEO sections"
"city","/cities/arlington","created","5-8","yes","Original template-driven content with AEO sections"
"city","/cities/plano","created","5-8","yes","Original template-driven content with AEO sections"
"city","/cities/irving","created","5-8","yes","Original template-driven content with AEO sections"
"city","/cities/garland","created","5-8","yes","Original template-driven content with AEO sections"
"city","/cities/frisco","created","5-8","yes","Original template-driven content with AEO sections"
"city","/cities/mckinney","created","5-8","yes","Original template-driven content with AEO sections"
"city","/cities/denton","created","5-8","yes","Original template-driven content with AEO sections"
"city","/cities/lewisville","created","5-8","yes","Original template-driven content with AEO sections"
"city","/cities/carrollton","created","5-8","yes","Original template-driven content with AEO sections"
"city","/cities/richardson","created","5-8","yes","Original template-driven content with AEO sections"
"city","/cities/grand-prairie","created","5-8","yes","Original template-driven content with AEO sections"
"city","/cities/mesquite","created","5-8","yes","Original template-driven content with AEO sections"
"city","/cities/grapevine","created","5-8","yes","Original template-driven content with AEO sections"
"city","/cities/euless","created","5-8","yes","Original template-driven content with AEO sections"
"city","/cities/bedford","created","5-8","yes","Original template-driven content with AEO sections"
"city","/cities/hurst","created","5-8","yes","Original template-driven content with AEO sections"
"city","/cities/keller","created","5-8","yes","Original template-driven content with AEO sections"
"city","/cities/southlake","created","5-8","yes","Original template-driven content with AEO sections"
"city","/cities/flower-mound","created","5-8","yes","Original template-driven content with AEO sections"
"city","/cities/the-colony","created","5-8","yes","Original template-driven content with AEO sections"
"city","/cities/allen","created","5-8","yes","Original template-driven content with AEO sections"
"city","/cities/rockwall","created","5-8","yes","Original template-driven content with AEO sections"
"city","/cities/rowlett","created","5-8","yes","Original template-driven content with AEO sections"
"city","/cities/mansfield","created","5-8","yes","Original template-driven content with AEO sections"
"city","/cities/cedar-hill","created","5-8","yes","Original template-driven content with AEO sections"
"city","/cities/desoto","created","5-8","yes","Original template-driven content with AEO sections"
"city","/cities/duncanville","created","5-8","yes","Original template-driven content with AEO sections"
"city","/cities/wylie","created","5-8","yes","Original template-driven content with AEO sections"
"city-service","/cities/dallas/24-hour-emergency-plumber","created","5-8","yes","Original template-driven content with AEO sections"
"city-service","/cities/dallas/emergency-drain-cleaning","created","5-8","yes","Original template-driven content with AEO sections"
"city-service","/cities/fort-worth/24-hour-emergency-plumber","created","5-8","yes","Original template-driven content with AEO sections"
"city-service","/cities/fort-worth/emergency-drain-cleaning","created","5-8","yes","Original template-driven content with AEO sections"
"city-service","/cities/arlington/24-hour-emergency-plumber","created","5-8","yes","Original template-driven content with AEO sections"
"city-service","/cities/arlington/emergency-drain-cleaning","created","5-8","yes","Original template-driven content with AEO sections"
"city-service","/cities/plano/24-hour-emergency-plumber","created","5-8","yes","Original template-driven content with AEO sections"
"city-service","/cities/plano/emergency-drain-cleaning","created","5-8","yes","Original template-driven content with AEO sections"
"city-service","/cities/irving/24-hour-emergency-plumber","created","5-8","yes","Original template-driven content with AEO sections"
"city-service","/cities/irving/emergency-drain-cleaning","created","5-8","yes","Original template-driven content with AEO sections"
"city-service","/cities/garland/24-hour-emergency-plumber","created","5-8","yes","Original template-driven content with AEO sections"
"city-service","/cities/garland/emergency-drain-cleaning","created","5-8","yes","Original template-driven content with AEO sections"
"city-service","/cities/frisco/24-hour-emergency-plumber","created","5-8","yes","Original template-driven content with AEO sections"
"city-service","/cities/frisco/emergency-drain-cleaning","created","5-8","yes","Original template-driven content with AEO sections"
"city-service","/cities/mckinney/24-hour-emergency-plumber","created","5-8","yes","Original template-driven content with AEO sections"
"city-service","/cities/mckinney/emergency-drain-cleaning","created","5-8","yes","Original template-driven content with AEO sections"
"problem","/problems/water-backing-up-in-shower-and-toilet","created","5-8","yes","Original template-driven content with AEO sections"
"problem","/problems/sewer-smell-in-bathroom","created","5-8","yes","Original template-driven content with AEO sections"
"problem","/problems/toilet-overflowing-will-not-stop","created","5-8","yes","Original template-driven content with AEO sections"
"problem","/problems/kitchen-sink-backing-up","created","5-8","yes","Original template-driven content with AEO sections"
"problem","/problems/bathtub-drain-backing-up","created","5-8","yes","Original template-driven content with AEO sections"
"problem","/problems/floor-drain-backing-up","created","5-8","yes","Original template-driven content with AEO sections"
"problem","/problems/gurgling-toilet-and-slow-drains","created","5-8","yes","Original template-driven content with AEO sections"
"problem","/problems/main-sewer-line-signs","created","5-8","yes","Original template-driven content with AEO sections"
"problem","/problems/burst-pipe-first-steps","created","5-8","yes","Original template-driven content with AEO sections"
"problem","/problems/water-heater-leaking-emergency","created","5-8","yes","Original template-driven content with AEO sections"
"problem","/problems/no-hot-water-emergency","created","5-8","yes","Original template-driven content with AEO sections"
"problem","/problems/ceiling-leak-from-plumbing","created","5-8","yes","Original template-driven content with AEO sections"
"problem","/problems/outdoor-cleanout-overflowing","created","5-8","yes","Original template-driven content with AEO sections"
"problem","/problems/washing-machine-drain-backing-up","created","5-8","yes","Original template-driven content with AEO sections"
"cost-guide","/cost-guides/emergency-plumbing-cost-dfw","created","5-8","yes","Original template-driven content with AEO sections"
"cost-guide","/cost-guides/drain-cleaning-cost-dfw","created","5-8","yes","Original template-driven content with AEO sections"
"cost-guide","/cost-guides/sewer-line-clog-cost-guide","created","5-8","yes","Original template-driven content with AEO sections"
"cost-guide","/cost-guides/water-heater-emergency-cost-guide","created","5-8","yes","Original template-driven content with AEO sections"
"cost-guide","/cost-guides/burst-pipe-emergency-cost-guide","created","5-8","yes","Original template-driven content with AEO sections"
"blog","/blog/emergency-plumber-near-me-open-now-what-to-do-before-help-arrives","created","5-8","yes","Original template-driven content with AEO sections"
"blog","/blog/toilet-overflowing-at-night-in-dallas-fast-steps-for-homeowners","created","5-8","yes","Original template-driven content with AEO sections"
"blog","/blog/main-sewer-line-clogged-in-dallas-warning-signs-and-fast-options","created","5-8","yes","Original template-driven content with AEO sections"
"blog","/blog/emergency-drain-cleaning-cost-in-dallas-what-affects-the-price","created","5-8","yes","Original template-driven content with AEO sections"
"blog","/blog/roto-rooter-vs-local-emergency-plumber-in-dallas-which-should-you-call","created","5-8","yes","Original template-driven content with AEO sections"
"blog","/blog/sewer-backup-in-fort-worth-what-it-means-and-who-to-call","created","5-8","yes","Original template-driven content with AEO sections"
"blog","/blog/bathtub-backing-up-when-toilet-flushes-what-causes-it","created","5-8","yes","Original template-driven content with AEO sections"
"blog","/blog/kitchen-sink-backing-up-in-dallas-signs-you-need-drain-help","created","5-8","yes","Original template-driven content with AEO sections"
"blog","/blog/same-day-drain-cleaning-in-dallas-what-to-expect","created","5-8","yes","Original template-driven content with AEO sections"
"blog","/blog/24-hour-plumber-in-plano-when-the-problem-cannot-wait","created","5-8","yes","Original template-driven content with AEO sections"
"blog","/blog/emergency-plumbing-in-arlington-tx-common-night-and-weekend-problems","created","5-8","yes","Original template-driven content with AEO sections"
"blog","/blog/water-heater-leaking-in-dallas-emergency-signs-to-watch","created","5-8","yes","Original template-driven content with AEO sections"
"blog","/blog/burst-pipe-in-dallas-what-to-shut-off-first","created","5-8","yes","Original template-driven content with AEO sections"
"blog","/blog/drain-smell-in-bathroom-sewer-gas-or-simple-clog","created","5-8","yes","Original template-driven content with AEO sections"
"blog","/blog/how-to-know-if-a-clogged-drain-is-actually-a-sewer-line-problem","created","5-8","yes","Original template-driven content with AEO sections"
"blog","/blog/emergency-plumber-vs-regular-plumber-what-is-the-difference","created","5-8","yes","Original template-driven content with AEO sections"
"blog","/blog/how-long-should-emergency-drain-cleaning-take","created","5-8","yes","Original template-driven content with AEO sections"
"blog","/blog/commercial-drain-backup-what-business-owners-should-do-first","created","5-8","yes","Original template-driven content with AEO sections"
"blog","/blog/dallas-hard-water-and-drain-problems-what-homeowners-should-know","created","5-8","yes","Original template-driven content with AEO sections"
"blog","/blog/dallas-storms-and-sewer-backups-what-to-check-after-heavy-rain","created","5-8","yes","Original template-driven content with AEO sections"
"blog","/blog/emergency-plumbing-cost-guide-for-dallas-homeowners","created","5-8","yes","Original template-driven content with AEO sections"
"blog","/blog/drain-cleaning-cost-guide-for-dallas-homeowners","created","5-8","yes","Original template-driven content with AEO sections"
"blog","/blog/best-questions-to-ask-before-you-book-an-emergency-plumber","created","5-8","yes","Original template-driven content with AEO sections"
"blog","/blog/what-counts-as-a-plumbing-emergency","created","5-8","yes","Original template-driven content with AEO sections"
"blog","/blog/signs-your-main-drain-needs-same-day-service","created","5-8","yes","Original template-driven content with AEO sections"
"blog","/blog/toilet-shower-and-sink-backing-up-together-what-it-means","created","5-8","yes","Original template-driven content with AEO sections"
"blog","/blog/emergency-drain-cleaning-in-fort-worth-fast-homeowner-guide","created","5-8","yes","Original template-driven content with AEO sections"
"blog","/blog/emergency-plumber-in-plano-when-to-call-now","created","5-8","yes","Original template-driven content with AEO sections"
"blog","/blog/emergency-drain-cleaning-in-frisco-what-to-expect","created","5-8","yes","Original template-driven content with AEO sections"
"blog","/blog/emergency-sewer-help-in-garland-signs-and-next-steps","created","5-8","yes","Original template-driven content with AEO sections"
