"type","url","title","h1","canonical","cta","schema"
"home","/","Emergency plumbing help across Dallas-Fort Worth","Emergency plumbing help across Dallas-Fort Worth","yes","yes","yes"
"faq","/faq","Emergency plumbing and drain cleaning FAQ","Emergency plumbing and drain cleaning FAQ","yes","yes","yes"
"contact","/contact","Request a plumbing provider connection","Request a plumbing provider connection","yes","yes","yes"
"partner","/partner-with-us","Partner with the PPC lead generation platform","Partner with the PPC lead generation platform","yes","yes","yes"
"legal","/privacy","Privacy policy","Privacy policy","yes","yes","yes"
"legal","/terms","Terms of use","Terms of use","yes","yes","yes"
"legal","/disclosure","Provider connection disclosure","Provider connection disclosure","yes","yes","yes"
"service","/services/24-hour-emergency-plumber","24-hour emergency plumber in Dallas-Fort Worth","24-hour emergency plumber in Dallas-Fort Worth","yes","yes","yes"
"service","/services/emergency-drain-cleaning","emergency drain cleaning in Dallas-Fort Worth","emergency drain cleaning in Dallas-Fort Worth","yes","yes","yes"
"service","/services/main-sewer-line-clog","main sewer line clog in Dallas-Fort Worth","main sewer line clog in Dallas-Fort Worth","yes","yes","yes"
"service","/services/toilet-overflow-emergency","toilet overflow emergency in Dallas-Fort Worth","toilet overflow emergency in Dallas-Fort Worth","yes","yes","yes"
"service","/services/burst-pipe-emergency","burst pipe emergency in Dallas-Fort Worth","burst pipe emergency in Dallas-Fort Worth","yes","yes","yes"
"service","/services/water-heater-emergency","water heater emergency in Dallas-Fort Worth","water heater emergency in Dallas-Fort Worth","yes","yes","yes"
"service","/services/sewer-backup-help","sewer backup help in Dallas-Fort Worth","sewer backup help in Dallas-Fort Worth","yes","yes","yes"
"service","/services/commercial-emergency-plumbing","commercial emergency plumbing in Dallas-Fort Worth","commercial emergency plumbing in Dallas-Fort Worth","yes","yes","yes"
"service","/services/same-day-plumber-connection","same-day plumber connection in Dallas-Fort Worth","same-day plumber connection in Dallas-Fort Worth","yes","yes","yes"
"service","/services/sink-and-shower-drain-backup","sink and shower drain backup in Dallas-Fort Worth","sink and shower drain backup in Dallas-Fort Worth","yes","yes","yes"
"city","/cities/dallas","Emergency plumbing help in Dallas","Emergency plumbing help in Dallas","yes","yes","yes"
"city","/cities/fort-worth","Emergency plumbing help in Fort Worth","Emergency plumbing help in Fort Worth","yes","yes","yes"
"city","/cities/arlington","Emergency plumbing help in Arlington","Emergency plumbing help in Arlington","yes","yes","yes"
"city","/cities/plano","Emergency plumbing help in Plano","Emergency plumbing help in Plano","yes","yes","yes"
"city","/cities/irving","Emergency plumbing help in Irving","Emergency plumbing help in Irving","yes","yes","yes"
"city","/cities/garland","Emergency plumbing help in Garland","Emergency plumbing help in Garland","yes","yes","yes"
"city","/cities/frisco","Emergency plumbing help in Frisco","Emergency plumbing help in Frisco","yes","yes","yes"
"city","/cities/mckinney","Emergency plumbing help in McKinney","Emergency plumbing help in McKinney","yes","yes","yes"
"city","/cities/denton","Emergency plumbing help in Denton","Emergency plumbing help in Denton","yes","yes","yes"
"city","/cities/lewisville","Emergency plumbing help in Lewisville","Emergency plumbing help in Lewisville","yes","yes","yes"
"city","/cities/carrollton","Emergency plumbing help in Carrollton","Emergency plumbing help in Carrollton","yes","yes","yes"
"city","/cities/richardson","Emergency plumbing help in Richardson","Emergency plumbing help in Richardson","yes","yes","yes"
"city","/cities/grand-prairie","Emergency plumbing help in Grand Prairie","Emergency plumbing help in Grand Prairie","yes","yes","yes"
"city","/cities/mesquite","Emergency plumbing help in Mesquite","Emergency plumbing help in Mesquite","yes","yes","yes"
"city","/cities/grapevine","Emergency plumbing help in Grapevine","Emergency plumbing help in Grapevine","yes","yes","yes"
"city","/cities/euless","Emergency plumbing help in Euless","Emergency plumbing help in Euless","yes","yes","yes"
"city","/cities/bedford","Emergency plumbing help in Bedford","Emergency plumbing help in Bedford","yes","yes","yes"
"city","/cities/hurst","Emergency plumbing help in Hurst","Emergency plumbing help in Hurst","yes","yes","yes"
"city","/cities/keller","Emergency plumbing help in Keller","Emergency plumbing help in Keller","yes","yes","yes"
"city","/cities/southlake","Emergency plumbing help in Southlake","Emergency plumbing help in Southlake","yes","yes","yes"
"city","/cities/flower-mound","Emergency plumbing help in Flower Mound","Emergency plumbing help in Flower Mound","yes","yes","yes"
"city","/cities/the-colony","Emergency plumbing help in The Colony","Emergency plumbing help in The Colony","yes","yes","yes"
"city","/cities/allen","Emergency plumbing help in Allen","Emergency plumbing help in Allen","yes","yes","yes"
"city","/cities/rockwall","Emergency plumbing help in Rockwall","Emergency plumbing help in Rockwall","yes","yes","yes"
"city","/cities/rowlett","Emergency plumbing help in Rowlett","Emergency plumbing help in Rowlett","yes","yes","yes"
"city","/cities/mansfield","Emergency plumbing help in Mansfield","Emergency plumbing help in Mansfield","yes","yes","yes"
"city","/cities/cedar-hill","Emergency plumbing help in Cedar Hill","Emergency plumbing help in Cedar Hill","yes","yes","yes"
"city","/cities/desoto","Emergency plumbing help in DeSoto","Emergency plumbing help in DeSoto","yes","yes","yes"
"city","/cities/duncanville","Emergency plumbing help in Duncanville","Emergency plumbing help in Duncanville","yes","yes","yes"
"city","/cities/wylie","Emergency plumbing help in Wylie","Emergency plumbing help in Wylie","yes","yes","yes"
"city-service","/cities/dallas/24-hour-emergency-plumber","24-hour emergency plumber in Dallas, TX","24-hour emergency plumber in Dallas, TX","yes","yes","yes"
"city-service","/cities/dallas/emergency-drain-cleaning","emergency drain cleaning in Dallas, TX","emergency drain cleaning in Dallas, TX","yes","yes","yes"
"city-service","/cities/fort-worth/24-hour-emergency-plumber","24-hour emergency plumber in Fort Worth, TX","24-hour emergency plumber in Fort Worth, TX","yes","yes","yes"
"city-service","/cities/fort-worth/emergency-drain-cleaning","emergency drain cleaning in Fort Worth, TX","emergency drain cleaning in Fort Worth, TX","yes","yes","yes"
"city-service","/cities/arlington/24-hour-emergency-plumber","24-hour emergency plumber in Arlington, TX","24-hour emergency plumber in Arlington, TX","yes","yes","yes"
"city-service","/cities/arlington/emergency-drain-cleaning","emergency drain cleaning in Arlington, TX","emergency drain cleaning in Arlington, TX","yes","yes","yes"
"city-service","/cities/plano/24-hour-emergency-plumber","24-hour emergency plumber in Plano, TX","24-hour emergency plumber in Plano, TX","yes","yes","yes"
"city-service","/cities/plano/emergency-drain-cleaning","emergency drain cleaning in Plano, TX","emergency drain cleaning in Plano, TX","yes","yes","yes"
"city-service","/cities/irving/24-hour-emergency-plumber","24-hour emergency plumber in Irving, TX","24-hour emergency plumber in Irving, TX","yes","yes","yes"
"city-service","/cities/irving/emergency-drain-cleaning","emergency drain cleaning in Irving, TX","emergency drain cleaning in Irving, TX","yes","yes","yes"
"city-service","/cities/garland/24-hour-emergency-plumber","24-hour emergency plumber in Garland, TX","24-hour emergency plumber in Garland, TX","yes","yes","yes"
"city-service","/cities/garland/emergency-drain-cleaning","emergency drain cleaning in Garland, TX","emergency drain cleaning in Garland, TX","yes","yes","yes"
"city-service","/cities/frisco/24-hour-emergency-plumber","24-hour emergency plumber in Frisco, TX","24-hour emergency plumber in Frisco, TX","yes","yes","yes"
"city-service","/cities/frisco/emergency-drain-cleaning","emergency drain cleaning in Frisco, TX","emergency drain cleaning in Frisco, TX","yes","yes","yes"
"city-service","/cities/mckinney/24-hour-emergency-plumber","24-hour emergency plumber in McKinney, TX","24-hour emergency plumber in McKinney, TX","yes","yes","yes"
"city-service","/cities/mckinney/emergency-drain-cleaning","emergency drain cleaning in McKinney, TX","emergency drain cleaning in McKinney, TX","yes","yes","yes"
"problem","/problems/water-backing-up-in-shower-and-toilet","water backing up in shower and toilet","water backing up in shower and toilet","yes","yes","yes"
"problem","/problems/sewer-smell-in-bathroom","sewer smell in bathroom","sewer smell in bathroom","yes","yes","yes"
"problem","/problems/toilet-overflowing-will-not-stop","toilet overflowing will not stop","toilet overflowing will not stop","yes","yes","yes"
"problem","/problems/kitchen-sink-backing-up","kitchen sink backing up","kitchen sink backing up","yes","yes","yes"
"problem","/problems/bathtub-drain-backing-up","bathtub drain backing up","bathtub drain backing up","yes","yes","yes"
"problem","/problems/floor-drain-backing-up","floor drain backing up","floor drain backing up","yes","yes","yes"
"problem","/problems/gurgling-toilet-and-slow-drains","gurgling toilet and slow drains","gurgling toilet and slow drains","yes","yes","yes"
"problem","/problems/main-sewer-line-signs","main sewer line signs","main sewer line signs","yes","yes","yes"
"problem","/problems/burst-pipe-first-steps","burst pipe first steps","burst pipe first steps","yes","yes","yes"
"problem","/problems/water-heater-leaking-emergency","water heater leaking emergency","water heater leaking emergency","yes","yes","yes"
"problem","/problems/no-hot-water-emergency","no hot water emergency","no hot water emergency","yes","yes","yes"
"problem","/problems/ceiling-leak-from-plumbing","ceiling leak from plumbing","ceiling leak from plumbing","yes","yes","yes"
"problem","/problems/outdoor-cleanout-overflowing","outdoor cleanout overflowing","outdoor cleanout overflowing","yes","yes","yes"
"problem","/problems/washing-machine-drain-backing-up","washing machine drain backing up","washing machine drain backing up","yes","yes","yes"
"cost-guide","/cost-guides/emergency-plumbing-cost-dfw","emergency plumbing cost dfw","emergency plumbing cost dfw","yes","yes","yes"
"cost-guide","/cost-guides/drain-cleaning-cost-dfw","drain cleaning cost dfw","drain cleaning cost dfw","yes","yes","yes"
"cost-guide","/cost-guides/sewer-line-clog-cost-guide","sewer line clog cost guide","sewer line clog cost guide","yes","yes","yes"
"cost-guide","/cost-guides/water-heater-emergency-cost-guide","water heater emergency cost guide","water heater emergency cost guide","yes","yes","yes"
"cost-guide","/cost-guides/burst-pipe-emergency-cost-guide","burst pipe emergency cost guide","burst pipe emergency cost guide","yes","yes","yes"
"blog","/blog/emergency-plumber-near-me-open-now-what-to-do-before-help-arrives","Emergency Plumber Near Me Open Now: What to Do Before Help Arrives","Emergency Plumber Near Me Open Now: What to Do Before Help Arrives","yes","yes","yes"
"blog","/blog/toilet-overflowing-at-night-in-dallas-fast-steps-for-homeowners","Toilet Overflowing at Night in Dallas: Fast Steps for Homeowners","Toilet Overflowing at Night in Dallas: Fast Steps for Homeowners","yes","yes","yes"
"blog","/blog/main-sewer-line-clogged-in-dallas-warning-signs-and-fast-options","Main Sewer Line Clogged in Dallas: Warning Signs and Fast Options","Main Sewer Line Clogged in Dallas: Warning Signs and Fast Options","yes","yes","yes"
"blog","/blog/emergency-drain-cleaning-cost-in-dallas-what-affects-the-price","Emergency Drain Cleaning Cost in Dallas: What Affects the Price","Emergency Drain Cleaning Cost in Dallas: What Affects the Price","yes","yes","yes"
"blog","/blog/roto-rooter-vs-local-emergency-plumber-in-dallas-which-should-you-call","Roto-Rooter vs Local Emergency Plumber in Dallas: Which Should You Call","Roto-Rooter vs Local Emergency Plumber in Dallas: Which Should You Call","yes","yes","yes"
"blog","/blog/sewer-backup-in-fort-worth-what-it-means-and-who-to-call","Sewer Backup in Fort Worth: What It Means and Who to Call","Sewer Backup in Fort Worth: What It Means and Who to Call","yes","yes","yes"
"blog","/blog/bathtub-backing-up-when-toilet-flushes-what-causes-it","Bathtub Backing Up When Toilet Flushes: What Causes It","Bathtub Backing Up When Toilet Flushes: What Causes It","yes","yes","yes"
"blog","/blog/kitchen-sink-backing-up-in-dallas-signs-you-need-drain-help","Kitchen Sink Backing Up in Dallas: Signs You Need Drain Help","Kitchen Sink Backing Up in Dallas: Signs You Need Drain Help","yes","yes","yes"
"blog","/blog/same-day-drain-cleaning-in-dallas-what-to-expect","Same-Day Drain Cleaning in Dallas: What to Expect","Same-Day Drain Cleaning in Dallas: What to Expect","yes","yes","yes"
"blog","/blog/24-hour-plumber-in-plano-when-the-problem-cannot-wait","24-Hour Plumber in Plano: When the Problem Cannot Wait","24-Hour Plumber in Plano: When the Problem Cannot Wait","yes","yes","yes"
"blog","/blog/emergency-plumbing-in-arlington-tx-common-night-and-weekend-problems","Emergency Plumbing in Arlington TX: Common Night and Weekend Problems","Emergency Plumbing in Arlington TX: Common Night and Weekend Problems","yes","yes","yes"
"blog","/blog/water-heater-leaking-in-dallas-emergency-signs-to-watch","Water Heater Leaking in Dallas: Emergency Signs to Watch","Water Heater Leaking in Dallas: Emergency Signs to Watch","yes","yes","yes"
"blog","/blog/burst-pipe-in-dallas-what-to-shut-off-first","Burst Pipe in Dallas: What to Shut Off First","Burst Pipe in Dallas: What to Shut Off First","yes","yes","yes"
"blog","/blog/drain-smell-in-bathroom-sewer-gas-or-simple-clog","Drain Smell in Bathroom: Sewer Gas or Simple Clog","Drain Smell in Bathroom: Sewer Gas or Simple Clog","yes","yes","yes"
"blog","/blog/how-to-know-if-a-clogged-drain-is-actually-a-sewer-line-problem","How to Know if a Clogged Drain Is Actually a Sewer Line Problem","How to Know if a Clogged Drain Is Actually a Sewer Line Problem","yes","yes","yes"
"blog","/blog/emergency-plumber-vs-regular-plumber-what-is-the-difference","Emergency Plumber vs Regular Plumber: What Is the Difference","Emergency Plumber vs Regular Plumber: What Is the Difference","yes","yes","yes"
"blog","/blog/how-long-should-emergency-drain-cleaning-take","How Long Should Emergency Drain Cleaning Take","How Long Should Emergency Drain Cleaning Take","yes","yes","yes"
"blog","/blog/commercial-drain-backup-what-business-owners-should-do-first","Commercial Drain Backup: What Business Owners Should Do First","Commercial Drain Backup: What Business Owners Should Do First","yes","yes","yes"
"blog","/blog/dallas-hard-water-and-drain-problems-what-homeowners-should-know","Dallas Hard Water and Drain Problems: What Homeowners Should Know","Dallas Hard Water and Drain Problems: What Homeowners Should Know","yes","yes","yes"
"blog","/blog/dallas-storms-and-sewer-backups-what-to-check-after-heavy-rain","Dallas Storms and Sewer Backups: What to Check After Heavy Rain","Dallas Storms and Sewer Backups: What to Check After Heavy Rain","yes","yes","yes"
"blog","/blog/emergency-plumbing-cost-guide-for-dallas-homeowners","Emergency Plumbing Cost Guide for Dallas Homeowners","Emergency Plumbing Cost Guide for Dallas Homeowners","yes","yes","yes"
"blog","/blog/drain-cleaning-cost-guide-for-dallas-homeowners","Drain Cleaning Cost Guide for Dallas Homeowners","Drain Cleaning Cost Guide for Dallas Homeowners","yes","yes","yes"
"blog","/blog/best-questions-to-ask-before-you-book-an-emergency-plumber","Best Questions to Ask Before You Book an Emergency Plumber","Best Questions to Ask Before You Book an Emergency Plumber","yes","yes","yes"
"blog","/blog/what-counts-as-a-plumbing-emergency","What Counts as a Plumbing Emergency","What Counts as a Plumbing Emergency","yes","yes","yes"
"blog","/blog/signs-your-main-drain-needs-same-day-service","Signs Your Main Drain Needs Same-Day Service","Signs Your Main Drain Needs Same-Day Service","yes","yes","yes"
"blog","/blog/toilet-shower-and-sink-backing-up-together-what-it-means","Toilet, Shower, and Sink Backing Up Together: What It Means","Toilet, Shower, and Sink Backing Up Together: What It Means","yes","yes","yes"
"blog","/blog/emergency-drain-cleaning-in-fort-worth-fast-homeowner-guide","Emergency Drain Cleaning in Fort Worth: Fast Homeowner Guide","Emergency Drain Cleaning in Fort Worth: Fast Homeowner Guide","yes","yes","yes"
"blog","/blog/emergency-plumber-in-plano-when-to-call-now","Emergency Plumber in Plano: When to Call Now","Emergency Plumber in Plano: When to Call Now","yes","yes","yes"
"blog","/blog/emergency-drain-cleaning-in-frisco-what-to-expect","Emergency Drain Cleaning in Frisco: What to Expect","Emergency Drain Cleaning in Frisco: What to Expect","yes","yes","yes"
"blog","/blog/emergency-sewer-help-in-garland-signs-and-next-steps","Emergency Sewer Help in Garland: Signs and Next Steps","Emergency Sewer Help in Garland: Signs and Next Steps","yes","yes","yes"
