"gate","status","notes"
"build","passed","Vercel-style Next production build passed from D project root with NEXT_PUBLIC_SITE_URL=https://plumbinghands.com"
"typescript","passed","TypeScript completed during Next production build"
"sitemap","created","/sitemap.xml"
"robots","created","/robots.txt"
"legal pages","created","privacy terms disclosure"
"phone links","created","visible call links use tel format"
"forms","created","/api/lead logs safely"
"fake claims","passed","No fake reviews, ratings, licenses, insurance, or offices"
"AEO audit","created","reports/aeo_page_audit.csv"
"DNS","pending owner action","Hostinger DNS owner must wait for Vercel-generated records before making changes"
"Search Console","pending DNS","Do not verify or submit sitemap until DNS and HTTPS are live"
"Bing Webmaster","pending DNS","Do not verify or submit sitemap until DNS and HTTPS are live"
"IndexNow","pending DNS","Do not run IndexNow until DNS, HTTPS, and Bing verification are confirmed"
